model,dataset,exp,acc,f1,recall,precision,time
deffcn,WordSynonyms,0,0.5768024921417236,0.39576321840286255,0.4169852137565613,0.40152379870414734,484.09824872016907
