model,dataset,exp,acc,f1,recall,precision,time
deffcn,Ham,0,0.8095238208770752,0.5252520442008972,0.48253968358039856,0.6088889241218567,526.4842541217804
