model,dataset,exp,acc,f1,recall,precision,time
deffcn,MoteStrain,0,0.9321086406707764,0.9258260130882263,0.9318335056304932,0.9294482469558716,796.8650228977203
