model,dataset,exp,acc,f1,recall,precision,time
deffcn,Earthquakes,0,0.6906474828720093,0.5315632224082947,0.545138418674469,0.5547918677330017,1178.267737865448
deffcn,Earthquakes,1,0.7050359845161438,0.5566622018814087,0.5759021639823914,0.5542164444923401,1190.7257931232452
