model,dataset,exp,acc,f1,recall,precision,time
deffcn,TwoPatterns,0,0.8970000147819519,0.8861149549484253,0.896846354007721,0.8965577483177185,466.8164005279541
