model,dataset,exp,acc,f1
fcn,Beef,0,0.6666666865348816,0.6165568232536316
