model,dataset,exp,acc,f1,recall,precision,time
fcn,WordSynonyms,0,0.5485893487930298,0.3647705018520355,0.38638967275619507,0.36906829476356506,152.66874527931213
fcn,WordSynonyms,1,0.5626959204673767,0.3724808990955353,0.39574649930000305,0.37618035078048706,151.71037817001343
fcn,WordSynonyms,2,0.5642633438110352,0.37828996777534485,0.40154871344566345,0.3852330446243286,150.92744827270508
fcn,WordSynonyms,3,0.5642633438110352,0.3818487823009491,0.4052330255508423,0.384676992893219,149.60239171981812
fcn,WordSynonyms,4,0.5579937100410461,0.3745022118091583,0.402878999710083,0.3734022080898285,150.90295314788818
