model,dataset,exp,acc,f1,recall,precision,time
fcn,ArrowHead,0,0.868571400642395,0.5720627903938293,0.5541645288467407,0.5972335338592529,21.452775955200195
fcn,ArrowHead,1,0.868571400642395,0.5429258942604065,0.5219740271568298,0.5711110830307007,20.4625883102417
fcn,ArrowHead,2,0.7085714340209961,0.49062055349349976,0.4643924832344055,0.5651082396507263,2.7476119995117188
fcn,ArrowHead,3,0.3028571307659149,0.21345986425876617,0.22857142984867096,0.24285714328289032,0.1539781093597412
fcn,ArrowHead,4,0.2971428632736206,0.24917151033878326,0.2685714364051819,0.24285714328289032,0.09838461875915527
