model,dataset,exp,acc,f1,recall,precision,time
fcn,Fungi,0,0.8817204236984253,0.7269531488418579,0.7029697895050049,0.7691755294799805,15.794298648834229
fcn,Fungi,1,0.9354838728904724,0.8047332763671875,0.7976190447807312,0.8236559629440308,14.621193885803223
fcn,Fungi,2,0.4784946143627167,0.39254137873649597,0.3954848051071167,0.40525689721107483,2.138847827911377
fcn,Fungi,3,0.10752688348293304,0.05672203749418259,0.07686181366443634,0.049342889338731766,0.37720203399658203
fcn,Fungi,4,0.037634409964084625,0.017453638836741447,0.02867383509874344,0.012544802390038967,0.11332917213439941
