model,dataset,exp,acc,f1,recall,precision,time
inceptiontime,FreezerSmallTrain,0,0.8252631578947368,0.8251388121611625,0.8252631578947369,0.8261909900441959,166.41907954216003
inceptiontime,FreezerSmallTrain,1,0.7880701754385965,0.7880597382450352,0.7880701754385965,0.7881269317440185,167.55576729774475
inceptiontime,FreezerSmallTrain,2,0.8017543859649123,0.8017524089806252,0.8017543859649123,0.8017664231851169,168.95849418640137
inceptiontime,FreezerSmallTrain,3,0.8094736842105263,0.8094449455288732,0.8094736842105263,0.8096604907854539,166.43063497543335
inceptiontime,FreezerSmallTrain,4,0.7873684210526316,0.7873684210526316,0.7873684210526316,0.7873684210526316,164.40918493270874
