model,dataset,exp,acc,f1,recall,precision,time
lite,ACSF1,0,0.10000000149011612,0.02471042424440384,0.09142857789993286,0.014285714365541935,72.3761842250824
lite,ACSF1,1,0.15000000596046448,0.0956047847867012,0.10000000149011612,0.2254294753074646,72.39136958122253
lite,ACSF1,2,0.15000000596046448,0.07271042466163635,0.1274285763502121,0.08628571778535843,70.35242867469788
lite,ACSF1,3,0.28999999165534973,0.1793915331363678,0.27799999713897705,0.3410053551197052,71.65284752845764
