model,dataset,exp,acc,f1,recall,precision,time
lite,EOGHorizontalSignal,0,0.08287292718887329,0.020682524889707565,0.09786898642778397,0.011734851635992527,225.42387914657593
lite,EOGHorizontalSignal,1,0.08563535660505295,0.023736583068966866,0.07482241839170456,0.03350778669118881,41.70480918884277
lite,EOGHorizontalSignal,2,0.09116022288799286,0.03377760574221611,0.07071823626756668,0.022672899067401886,0.3867933750152588
