model,dataset,exp,acc,f1
mlp,Adiac,0,0.05882352963089943,0.031633224338293076
